Ticker,Exchange,Company_Name_Issuer,Transfer_Agent,Online_Purchase,DTC_Member_Number,TA_URL,Transfer_Agent_Pct,IR_Emails,IR_Phone_Number,IR_Company_Address,IR_URL,IR_Contact_Info,Shares_Outstanding,CUSIP,Company_Info_URL,Company_Info,Full_Progress_Pct,CIK,DRS,Percent_Shares_DRSd,Submission_Received,Timestamps_UTC,Learn_More_About_DRS,Certificates_Offered,S_And_P_500,Incorporated_In
J,NYSE,JACOBS SOLUTIONS INC.,"AMERICAN STOCK TRANSFER & TRUST COMPANY, LLC",Yes,7805/7810,https://www.google.com/search?q=%22Jacobs Engineering Group%22+%22transfer+agent%22,100%,investor.relations@jacobs.com,,,https://invest.jacobs.com/events-and-presentations/events/event-details/2022/Jacobs-New-Holding-Company-Jacobs-Solutions-Inc/default.aspx,33%,"127,610,000",46982L108,,100%,78%,52988,,,,2023-02-27 04:10:26,,,,
J-WI,NYSE,JACOBS SOLUTIONS INC.,,,,,0%,,,,,0%,,,,0%,0%,52988,,,,,,,,
JACK,Nasdaq,JACK IN THE BOX INC,"COMPUTERSHARE TRUST COMPANY, N.A.",Yes,7807,https://www.sec.gov/Archives/edgar/data/807882/000114036123003306/ny20005459x1_def14a.htm,100%,chris.brandon@jackinthebox.com,619.902.0269,"9357 SPECTRUM CENTER BLVD, SAN DIEGO, CA, 92123-1516",https://jakkspacificinc.gcs-web.com/investor-faqs,100%,"21,060,000",466367109,,100%,100%,807882,,,,2023-12-24 06:58:26,,,,
JACS,NYSE,Jackson Acquisition Co II,,,,,0%,,,,,0%,,,,0%,0%,2039058,,,,,,,,
JACS-UN,NYSE,Jackson Acquisition Co II,,,,,,,,,,,,,,,,2039058,,,,,,,,
JAG,,Job Aire Group Inc.,,,,,0%,,,,,0%,,,,0%,0%,2009460,,,,,,,,
JAGL,OTC,JAAG Enterprises Ltd.,,,,,0%,,,,,0%,,,,0%,0%,1951051,,,,,,,,
JAGX,Nasdaq,"Jaguar Health, Inc."," AMERICAN STOCK TRANSFER & TRUST COMPANY, LLC",,7805,https://www.sec.gov/Archives/edgar/data/1585608/000110465922122433/tm2229955-3_def14a.htm,67%,,,,,0%,"79,000,000",47010C607,,100%,56%,1585608,,,✔,2023-02-27 04:10:26,,,,
JAKK,Nasdaq,JAKKS PACIFIC INC,"COMPUTERSHARE TRUST COMPANY, N.A.",,7807,https://www.sec.gov/Archives/edgar/data/1009829/000118518522001326/jakkspacif20221116_def14a.htm,67%,publicrelations@jakks.net,424-268-9444,"2951 28TH STREET, SANTA MONICA, CA, 90405",https://jakkspacificinc.gcs-web.com/investor-faqs,100%,"9,720,000",47012E403,,100%,89%,1009829,,,,2023-12-24 06:48:59,,,,
JAMF,Nasdaq,Jamf Holding Corp.,"AMERICAN STOCK TRANSFER & TRUST COMPANY, LLC",,7805,https://www.nasdaqtrader.com/content/home/help/samplereports/Fundamental_Data_cusip121720.xlsx,67%,,,,,0%,"120,690,000",47074L105,,100%,56%,1721947,,,✔,2023-02-27 04:10:26,,,,
JAN,Nasdaq,ALT5 Sigma Corp,EQUINITI TRUST COMPANY,Yes,7806/7835,https://www.nasdaqtrader.com/content/home/help/samplereports/Fundamental_Data_cusip121720.xlsx,100%,IR@Janone.com,1-800-400-2247,"325 E. Warm Springs Road, Suite 102, Las Vegas, Nevada, 89119",https://ir.janone.com/company-information/faq,100%,"3,150,000",47089W104,,100%,100%,862861,,,,2024-01-09 00:20:36,,,,
JANL,OTC,JANEL CORP,,,,,0%,,,,,0%,,,,0%,0%,1133062,,,,,,,,
JANX,Nasdaq,"Janux Therapeutics, Inc."," AMERICAN STOCK TRANSFER & TRUST COMPANY, LLC",,7805,https://www.sec.gov/Archives/edgar/data/1817713/000095017022006742/janx_def_14a_2022.htm,67%,investors@januxrx.com,,,https://d18rn0p25nwr6d.cloudfront.net/CIK-0001817713/72d91986-1175-45ba-ba08-5cd42b2d6828.pdf,33%,"41,660,000",47103J105,,100%,67%,1817713,,,,2023-12-24 06:49:06,,,,
JAQC,Nasdaq,Jupiter Acquisition Corporation,CONTINENTAL STOCK TRANSFER & TRUST COMPANY,,7808,https://www.nasdaqtrader.com/content/home/help/samplereports/Fundamental_Data_cusip121720.xlsx,67%,jim@hauslein.com,212-207-8884,"11450 SE Dixie Hwy, Hobe Sound, FL 33455",https://www.sec.gov/Archives/edgar/data/1817868/000121390021038459/fs12021a4_jupiteracq.htm,100%,"16,360,000",482082104,,100%,89%,1817868,,,,2024-01-09 00:22:10,,,,
JAQCU,Nasdaq,Jupiter Acquisition Corporation,CONTINENTAL STOCK TRANSFER & TRUST COMPANY,,7808,https://www.nasdaqtrader.com/content/home/help/samplereports/Fundamental_Data_cusip121720.xlsx,67%,jim@hauslein.com,212-207-8884,"11450 SE Dixie Hwy, Hobe Sound, FL 33455",https://www.sec.gov/Archives/edgar/data/1817868/000121390021038459/fs12021a4_jupiteracq.htm,100%,,482082203,,50%,72%,1817868,,,,2024-01-09 00:21:57,,,,
JAQCW,Nasdaq,Jupiter Acquisition Corporation,CONTINENTAL STOCK TRANSFER & TRUST COMPANY,,7808,https://www.nasdaqtrader.com/content/home/help/samplereports/Fundamental_Data_cusip121720.xlsx,67%,jim@hauslein.com,212-207-8884,"11450 SE Dixie Hwy, Hobe Sound, FL 33455",https://www.sec.gov/Archives/edgar/data/1817868/000121390021038459/fs12021a4_jupiteracq.htm,100%,,482082112,,50%,72%,1817868,,,,2024-01-09 00:22:10,,,,
JATT,NYSE,JATT Acquisition Corp (Now Zura Bio Ltd),CONTINENTAL STOCK TRANSFER & TRUST COMPANY,,,https://www.sec.gov/Archives/edgar/data/1855644/000110465923026834/tm2218919-28_424b3.htm,33%,info@jattacquisition.com,858-247-0520,"4225 EXECUTIVE SQUARE, SUITE 600, LA JOLLA, CA, 92037",https://jattacquisition.com,100%,"13,800,000",G50752107,,100%,78%,1855644,,,,2024-01-09 00:26:36,,,,
JATT-UN,NYSE,JATT Acquisition Corp (Now Zura Bio Ltd),CONTINENTAL STOCK TRANSFER & TRUST COMPANY,,,https://www.sec.gov/Archives/edgar/data/1855644/000110465923026834/tm2218919-28_424b3.htm,33%,info@jattacquisition.com,858-247-0520,"4225 EXECUTIVE SQUARE, SUITE 600, LA JOLLA, CA, 92037",https://jattacquisition.com,100%,,,,0%,44%,1855644,,,,2024-01-09 00:26:42,,,,
JATT-WT,NYSE,JATT Acquisition Corp (Now Zura Bio Ltd),CONTINENTAL STOCK TRANSFER & TRUST COMPANY,,,https://www.sec.gov/Archives/edgar/data/1855644/000110465923026834/tm2218919-28_424b3.htm,33%,info@jattacquisition.com,858-247-0520,"4225 EXECUTIVE SQUARE, SUITE 600, LA JOLLA, CA, 92037",https://jattacquisition.com,100%,,,,0%,44%,1855644,,,,2024-01-09 00:26:39,,,,
JAZZ,Nasdaq,Jazz Pharmaceuticals plc,"COMPUTERSHARE TRUST COMPANY, N.A.",,7807,https://www.sec.gov/Archives/edgar/data/1232524/000119312522172177/d257307ddef14a.htm,67%,investorinfo@jazzpharma.com,353-1-634-7800,"FIFTH FLOOR, WATERLOO EXCHANGE, WATERLOO ROAD, DUBLIN, Ireland, 4",https://investor.jazzpharma.com/,100%,"62,680,000",G50871105,,100%,89%,1232524,,,,2023-12-24 06:23:37,,,,
JBARF,OTC,Julius Baer Group Ltd.,,,,,0%,,,,,0%,,,,0%,0%,1475011,,,,,,,,
JBAXY,OTC,Julius Baer Group Ltd.,,,,,0%,,,,,0%,,,,0%,0%,1475011,,,,,,,,
JBDI,Nasdaq,JBDI Holdings Ltd,,,,,0%,,,,,0%,,,,0%,0%,1964314,,,,,,,,
JBGS,NYSE,JBG SMITH Properties,"AMERICAN STOCK TRANSFER & TRUST COMPANY, LLC",Yes,7805/7810,https://www.sec.gov/Archives/edgar/data/1689796/000120677422000761/jbgs3970491-def14a.htm,100%,brodgers@jbgsmith.com,240-333-3600,"4747 BETHESDA AVENUE, SUITE 200, BETHESDA, MD, 20814",https://www.jbgsmith.com/contact/investor,100%,"114,390,000",46590V100,,100%,100%,1689796,,,,2023-12-24 06:23:02,,,,
JBHT,Nasdaq,HUNT J B TRANSPORT SERVICES INC,"COMPUTERSHARE TRUST COMPANY, N.A.",Yes,7807,https://www.google.com/search?q=%22J.B. Hunt Transport Services%22+%22transfer+agent%22,100%,investors@jbhunt.com,,,https://investor.jbhunt.com/overview/default.aspx,33%,"103,810,000",445658107,,100%,78%,728535,,,,2023-02-27 04:10:26,,,,
JBI,NYSE,"Janus International Group, Inc.",CONTINENTAL STOCK TRANSFER & TRUST COMPANY,,,https://ir.janusintl.com/resources/contact-us,33%,IR@janusintl.com,770-562-6399,"135 Janus International Blvd, Temple, GA 30179",https://ir.janusintl.com/resources/contact-us,100%,"146,640,000",47103N106,,100%,78%,1839839,,,,2024-01-09 00:27:43,,,,
JBK,NYSE,LEHMAN ABS CORP GOLDMAN SACHS CAP 1 SEC BACKED SER 2004-6,,,,,0%,,,,,0%,"1,000,000",21988K859,,100%,33%,1284143,,,,2023-02-27 04:10:26,,,,
JBL,NYSE,JABIL INC,"COMPUTERSHARE TRUST COMPANY, N.A.",Yes,7807,https://www.google.com/search?q=%22Jabil%22+%22transfer+agent%22,100%,Investor_relations@jabil.com,(727) 577-9749,,https://investors.jabil.com/resources/investor-faqs/default.aspx,67%,"137,560,000",466313103,,100%,89%,898293,,,,2023-02-27 04:10:26,,,,
JBLU,Nasdaq,JETBLUE AIRWAYS CORP,"COMPUTERSHARE TRUST COMPANY, N.A.",No,7807,https://www.google.com/search?q=%22JetBlue Airways%22+%22transfer+agent%22,100%,IR@JETBLUE.COM,7182867900,"27-01 QUEENS PLAZA NORTH, LONG ISLAND CITY, NY, 11101",https://ir.jetblue.com/overview/default.aspx,100%,"323,850,000",477143101,,100%,100%,1158463,,,,2023-12-24 06:21:34,,,,
JBS,,JBS B.V.,,,,,0%,,,,,0%,,,,0%,0%,1791942,,,,,,,,
JBSAY,OTC,JBS S.A.,,,,,0%,,,,,0%,,,,0%,0%,1450123,,,,,,,,
JBSS,Nasdaq,SANFILIPPO JOHN B & SON INC,"AMERICAN STOCK TRANSFER & TRUST COMPANY, LLC",,7805,https://www.nasdaqtrader.com/content/home/help/samplereports/Fundamental_Data_cusip121720.xlsx,67%,InvestorInformation@jbssinc.com,847-214-4612,"1703 N. Randall Road, Elgin, IL 60123",https://jbssinc.com/investors/investor-contact/,100%,"8,930,000",800422107,,100%,89%,880117,,,,2024-01-09 00:28:44,,,,
JBT,NYSE,John Bean Technologies CORP,"COMPUTERSHARE TRUST COMPANY, N.A.",Yes,7807,https://www.sec.gov/Archives/edgar/data/1433660/000155837022004830/tmb-20220513xdef14a.htm,100%,kedric.meredith@jbtc.com,312.861.6034,"70 W MADISON, SUITE 4400, CHICAGO, IL, 60602",https://ir.jbtc.com/overview/default.aspx,100%,"31,860,000",477839104,,100%,100%,1433660,,,,2023-12-24 06:19:28,,,,
JCB,,JICAIBA HOLDINGS LTD,,,,,0%,,,,,0%,,,,0%,0%,2023797,,,,,,,,
JCE,NYSE,Nuveen Core Equity Alpha Fund,"COMPUTERSHARE TRUST COMPANY, N.A.",Yes,7807,https://docs.google.com/spreadsheets/d/1MjDad_gZmywTxMVQxsnH2uc9sPIvUa3O51SDyTYm_vs/edit,100%,,,,,0%,"16,050,000",67090X107,,100%,67%,1385763,,,,2023-02-27 04:10:26,,,,
JCI,NYSE,Johnson Controls International plc,EQUINITI TRUST COMPANY,Yes,7806/7835,https://docs.google.com/spreadsheets/d/1MjDad_gZmywTxMVQxsnH2uc9sPIvUa3O51SDyTYm_vs/edit,100%,,,,,0%,"688,810,000",G51502105,,100%,67%,833444,,,✔,2023-02-27 04:10:26,,,,
JCIC,Nasdaq,Jack Creek Investment Corp,,,,,0%,,,,,0%,"34,500,000",G4989X115,,100%,33%,1822312,,,✔,2023-02-27 04:10:26,,,,
JCICU,Nasdaq,Jack Creek Investment Corp,,,,,0%,,,,,0%,,G4989X107,,50%,17%,1822312,,,✔,2023-02-27 04:10:26,,,,
JCICW,Nasdaq,Jack Creek Investment Corp,,,,,0%,,,,,0%,,G4989X123,,50%,17%,1822312,,,✔,2023-02-27 04:10:26,,,,
JCSE,Nasdaq,JE Cleantech Holdings Ltd,VStock Transfer LLC,,,https://www.sec.gov/Archives/edgar/data/1905511/000149315223014717/form20-f.htm,33%,Elise.hong@jcs-echigo.com.sg,65 6368 4198,"3 Woodlands Sector 1, Singapore 738361",https://www.sec.gov/Archives/edgar/data/1905511/000149315223014717/form20-f.htm,100%,"15,020,000",G50875106,,100%,78%,1905511,,,,2024-01-09 00:30:55,,,,
JCTC,Nasdaq,JEWETT CAMERON TRADING CO LTD,,,,,0%,,,,,0%,,,,0%,0%,885307,,,,,,,,
JCTCF,Nasdaq,JEWETT CAMERON TRADING CO LTD,"COMPUTERSHARE TRUST COMPANY, N.A.",,7807,https://www.sec.gov/Archives/edgar/data/885307/000121716023000003/jctinfocircularfeb172023agm.htm,67%,,,,,0%,"3,490,000",47733C207,,100%,56%,885307,,,✔,2023-02-27 04:10:26,,,,
JCYCF,OTC,Jardine Cycle & Carriage Ltd.,,,,,0%,,,,,0%,,,,0%,0%,1289688,,,,,,,,
JCYGY,OTC,Jardine Cycle & Carriage Ltd.,,,,,0%,,,,,0%,,,,0%,0%,1289688,,,,,,,,
JD,Nasdaq,"JD.com, Inc.",Deutsche Bank Trust Company Americas (ADS),,,https://www.nasdaqtrader.com/content/home/help/samplereports/Fundamental_Data_cusip121720.xlsx,33%,ir@jd.com,86-10-5895-5500,"20TH FLOOR, BUILDING A, NO. 18 KECHUANG, YIZHUANG BDA, DAXING DISTRICT, BEIJING, China, 101111",https://corporate.jd.com/contactUs,100%,"2,695,610,000",47215P106,,100%,78%,1549802,,,,2023-12-24 06:17:02,,,,
JDCMF,OTC,"JD.com, Inc.",,,,,0%,,,,,0%,,,,0%,0%,1549802,,,,,,,,
JDZG,Nasdaq,JIADE Ltd,,,,,0%,,,,,0%,,,,0%,0%,1976908,,,,,,,,
JEF,NYSE,Jefferies Financial Group Inc.,"AMERICAN STOCK TRANSFER & TRUST COMPANY, LLC",No,7805/7810,https://www.google.com/search?q=%22Jefferies Financial Group%22+%22transfer+agent%22,100%,,,,https://ir.jefferies.com/resources/information-request/default.aspx,0%,"232,450,000",47233W109,,100%,67%,96223,,,✔,2023-02-27 04:10:26,,,,
JELD,NYSE,"JELD-WEN Holding, Inc.","AMERICAN STOCK TRANSFER & TRUST COMPANY, LLC",Yes,7805/7810,https://www.google.com/search?q=%22JELD-WEN Holding%22+%22transfer+agent%22,100%,investors@jeldwen.com,(704) 378-7007,,https://investors.jeld-wen.com/resources/investor-faq/default.aspx,67%,"84,260,000",47580P103,,100%,89%,1674335,,,,2023-02-27 04:10:26,,,,
JEMTF,OTC,BARCLAYS BANK PLC,,,,,0%,,,,,0%,,,,0%,0%,312070,,,,,,,,
JEQ,NYSE,"ABRDN JAPAN EQUITY FUND, INC.","COMPUTERSHARE TRUST COMPANY, N.A.",Yes,7807,https://docs.google.com/spreadsheets/d/1MjDad_gZmywTxMVQxsnH2uc9sPIvUa3O51SDyTYm_vs/edit,100%,Investor.Relations@abrdn.com,(800) 522-5465,"abrdn 1900 Market Street Suite 200 Philadelphia, PA 19103",https://www.abrdn.com/en-us/cefinvestorcenter/contact-us,100%,"13,410,000",00306J109,,100%,100%,866095,,,,2023-12-20 11:28:08,,,,
JETBF,OTC,Global Crossing Airlines Group Inc.,,,,,0%,,,,,0%,,,,0%,0%,1846084,,,,,,,,
JETD,NYSE,BANK OF MONTREAL /CAN/,,,,,0%,,,,,0%,,,,0%,0%,927971,,,,,,,,
JETMF,OTC,Global Crossing Airlines Group Inc.,,,,,0%,,,,,0%,,,,0%,0%,1846084,,,,,,,,
JETR,OTC,Star Jets International Inc.,,,,,0%,,,,,0%,,,,0%,0%,1908054,,,,,,,,
JETU,NYSE,BANK OF MONTREAL /CAN/,,,,,0%,,,,,0%,,,,0%,0%,927971,,,,,,,,
JEWL,OTC,Adamas One Corp.,Sedona Equity Registrar & Transfer,,,https://www.sec.gov/Archives/edgar/data/1884072/000119983522000352/form-s1.htm,33%,ir@adamasone.com,212-655-0924,"17767 N. Perimeter Dr., Suite B115, Scottsdale, AZ 85255",https://ir.adamasone.com/resources/investor-contacts/default.aspx,100%,,,,0%,44%,1884072,,,,2024-01-09 00:33:03,,,,
JFB,Nasdaq,JFB Construction Holdings,,,,,,,,,,,,,,,,2024306,,,,,,,,
JFBR,Nasdaq,Jeffs' Brands Ltd,,,,,0%,,,,,0%,"8,070,000",M61472102,,100%,33%,1885408,,,,2023-02-27 04:13:47,,,,
JFBRW,Nasdaq,Jeffs' Brands Ltd,,,,,0%,,,,,0%,"2,890,000",M61472110,,100%,33%,1885408,,,,2023-02-27 04:13:49,,,,
JFIL,OTC,"Jubilant Flame International, Ltd",,,,,0%,,,,,0%,,,,0%,0%,1517389,,,,,,,,
JFIN,Nasdaq,Jiayin Group Inc.,,,,,0%,,,,,0%,"108,100,000",47737C104,,100%,33%,1743102,,,✔,2023-02-27 04:10:26,,,,
JFR,NYSE,NUVEEN FLOATING RATE INCOME FUND,"COMPUTERSHARE TRUST COMPANY, N.A.",Yes,7807,https://docs.google.com/spreadsheets/d/1MjDad_gZmywTxMVQxsnH2uc9sPIvUa3O51SDyTYm_vs/edit,100%,,,,,0%,"56,920,000",67072T108,,100%,67%,1276533,,,✔,2023-02-27 04:10:26,,,,
JFTH,OTC,"Japan Food Tech Holdings, Inc.",,,,,,,,,,,,,,,,1857910,,,,,,,,
JFU,Nasdaq,9F Inc.,"Citibank, N.A. (ADS)",,7923,https://www.nasdaqtrader.com/content/home/help/samplereports/Fundamental_Data_cusip121720.xlsx,67%,ir@9fbank.com.cn,86-10-85276996,"ROOM 1607, BUILDING NO. 5,, 5 W. LAIGUANGYING RD, CHAOYANG DISTRICT, CHAOYANG DISTRICT, BEIJING, China, 100012",https://ir.9fgroup.com/,100%,"170,160,000",65442R109,,100%,89%,1619544,,,,2023-12-24 06:14:06,,,,
JG,Nasdaq,Aurora Mobile Ltd,The Bank Of New York Mellon Corporation,,,https://www.nasdaqtrader.com/content/home/help/samplereports/Fundamental_Data_cusip121720.xlsx,33%,ir@jiguang.cn,8675583881462,"3/F, BLDG 7, ZHIHENG INDUSTRIAL PARK,, NO. 15, GUANKOU ROAD 2, NANTOU STREET, SHENZHEN, China, 518052",https://ir.jiguang.cn/,100%,"62,220,000",51857100,,100%,78%,1737339,,,,2023-12-24 06:13:26,,,,
JGGC,Nasdaq,Jaguar Global Growth Corporation I,CONTINENTAL STOCK TRANSFER & TRUST COMPANY,,,https://www.sec.gov/Archives/edgar/data/1857518/000110465921129574/tm2115810-6_s1.htm,33%,JGGC@Gateway-grp.com,1 (949) 574-3860,"3225 FRANKLIN AVENUE,, SUITE 309, MIAMI, FL, 33133",https://www.jaguarglobalgrowth.com/,100%,"23,000,000",G5S11A106,,100%,78%,1857518,,,,2023-12-24 06:11:12,,,,
JGGCR,Nasdaq,Jaguar Global Growth Corporation I Right,CONTINENTAL STOCK TRANSFER & TRUST COMPANY,,,https://www.sec.gov/Archives/edgar/data/1857518/000110465921129574/tm2115810-6_s1.htm,33%,JGGC@Gateway-grp.com,1 (949) 574-3860,"3225 FRANKLIN AVENUE,, SUITE 309, MIAMI, FL, 33133",https://www.jaguarglobalgrowth.com/,100%,,G5S11A155,,50%,61%,1857518,,,,2023-12-24 06:11:12,,,,
JGGCU,Nasdaq,Jaguar Global Growth Corporation I,CONTINENTAL STOCK TRANSFER & TRUST COMPANY,,,https://www.sec.gov/Archives/edgar/data/1857518/000110465921129574/tm2115810-6_s1.htm,33%,JGGC@Gateway-grp.com,1 (949) 574-3860,"3225 FRANKLIN AVENUE,, SUITE 309, MIAMI, FL, 33133",https://www.jaguarglobalgrowth.com/,100%,,G5S11A148,,50%,61%,1857518,,,,2023-12-24 06:10:54,,,,
JGGCW,Nasdaq,Jaguar Global Growth Corporation I,CONTINENTAL STOCK TRANSFER & TRUST COMPANY,,,https://www.sec.gov/Archives/edgar/data/1857518/000110465921129574/tm2115810-6_s1.htm,33%,JGGC@Gateway-grp.com,1 (949) 574-3860,"3225 FRANKLIN AVENUE,, SUITE 309, MIAMI, FL, 33133",https://www.jaguarglobalgrowth.com/,100%,,G5S11A130,,50%,61%,1857518,,,,2023-12-24 06:10:58,,,,
JGH,NYSE,Nuveen Global High Income Fund,"COMPUTERSHARE TRUST COMPANY, N.A.",Yes,7807,https://docs.google.com/spreadsheets/d/1MjDad_gZmywTxMVQxsnH2uc9sPIvUa3O51SDyTYm_vs/edit,100%,,,,,0%,"23,180,000",67075G103,,100%,67%,1615905,,,✔,2023-02-27 04:10:26,,,,
JGLDF,OTC,Japan Gold Corp.,,,,,0%,,,,,0%,,,,0%,0%,1686000,,,,,,,,
JGSHF,OTC,"JG Summit Holdings, Inc./ADR",,,,,0%,,,,,0%,,,,0%,0%,1567172,,,,,,,,
JGSMY,OTC,"JG Summit Holdings, Inc./ADR",,,,,0%,,,,,0%,,,,0%,0%,1567172,,,,,,,,
JHAA,NYSE,Nuveen Corporate Income 2023 Target Term Fund,"COMPUTERSHARE TRUST COMPANY, N.A.",Yes,7807,https://docs.google.com/spreadsheets/d/1MjDad_gZmywTxMVQxsnH2uc9sPIvUa3O51SDyTYm_vs/edit,100%,,,,,0%,"7,830,000",67079F101,,100%,67%,1753217,,,✔,2023-02-27 04:13:47,,,,
JHG,NYSE,JANUS HENDERSON GROUP PLC,"COMPUTERSHARE TRUST COMPANY, N.A.",,7807,https://www.sec.gov/Archives/edgar/data/1274173/000130817922000104/ljhg2022_def14a.htm,67%,jim.kurtz@janushenderson.com,1 303 336 4529,"201 BISHOPSGATE, LONDON, United Kingdom, EC2M 3AE",https://ir.janushenderson.com/contact-us/,100%,"165,660,000",G4474Y214,,100%,89%,1274173,,,,2023-12-24 06:09:23,,,,
JHI,NYSE,JOHN HANCOCK INVESTORS TRUST,"COMPUTERSHARE TRUST COMPANY, N.A.",Yes,7807,https://www.sec.gov/Archives/edgar/data/759828/000113322822007628/jhit-html5675_def14a.htm,100%,,,,,0%,"8,710,000",410142103,,100%,67%,759828,,,,2023-02-27 04:10:26,,,,
JHIUF,OTC,James Hardie Industries plc,,,,,0%,,,,,0%,,,,0%,0%,1159152,,,,,,,,
JHS,NYSE,JOHN HANCOCK INCOME SECURITIES TRUST,"COMPUTERSHARE TRUST COMPANY, N.A.",Yes,7807,https://www.sec.gov/Archives/edgar/data/759866/000113322822007625/jhist-html5674_def14a.htm,100%,,,,,0%,"11,650,000",410123103,,100%,67%,759866,,,,2023-02-27 04:13:53,,,,
JHX,NYSE,James Hardie Industries plc,"COMPUTERSHARE TRUST COMPANY, N.A.",,,https://ir.jameshardie.com.au/resources/contacts,33%,investor.relations@jameshardie.com.au,61 2 13 11 03,"2ND FLOOR EUROPA HOUSE, HARCOURT CENTRE HARCOURT STREET, DUBLIN, Ireland, 2",https://ir.jameshardie.com.au/,100%,"445,660,000",47030M106,,100%,78%,1159152,,,,2023-12-24 06:08:43,,,,
JILL,NYSE,"J.Jill, Inc."," AMERICAN STOCK TRANSFER & TRUST COMPANY, LLC",,7805,https://www.sec.gov/Archives/edgar/data/1687932/000119312522106268/d268329ddef14a.htm,67%,investors@jjill.com,(203) 682-8200,"4 BATTERYMARCH PARK, QUINCY, MA, 02169",https://investors.jjill.com/Investors-Relations/Overview/default.aspx,100%,"10,150,000",46620W201,,100%,89%,1687932,,,,2023-12-24 06:07:29,,,,
JJA,NYSE,Barclays Bank PLC,EQUINITI TRUST COMPANY,,,https://home.barclays/contact-us/group/private-shareholder-relations/,33%,privateshareholderrelations@barclays.com,44 (0)20 7116 2897,"1 Churchill Place, London E14 5HP",https://home.barclays/contact-us/group/private-shareholder-relations/,100%,"693,743",06746P589,,100%,78%,312070,,,,2023-12-27 22:12:50,,,,
JJATF,OTC,BARCLAYS BANK PLC,,,,,0%,,,,,0%,,,,0%,0%,312070,,,,,,,,
JJC,NYSE,Barclays Bank PLC,EQUINITI TRUST COMPANY,,,https://home.barclays/contact-us/group/private-shareholder-relations/,33%,privateshareholderrelations@barclays.com,44 (0)20 7116 2897,"1 Churchill Place, London E14 5HP",https://home.barclays/contact-us/group/private-shareholder-relations/,100%,"4,182,545",06746P555,,100%,78%,312070,,,,2023-12-27 22:12:50,,,,
JJCTF,OTC,BARCLAYS BANK PLC,,,,,0%,,,,,0%,,,,0%,0%,312070,,,,,,,,
JJE,NYSE,Barclays Bank PLC,EQUINITI TRUST COMPANY,,,https://home.barclays/contact-us/group/private-shareholder-relations/,33%,privateshareholderrelations@barclays.com,44 (0)20 7116 2897,"1 Churchill Place, London E14 5HP",https://home.barclays/contact-us/group/private-shareholder-relations/,100%,"119,894",06746P530,,100%,78%,312070,,,,2023-12-27 22:13:15,,,,
JJETF,OTC,BARCLAYS BANK PLC,,,,,0%,,,,,0%,,,,0%,0%,312070,,,,,,,,
JJG,NYSE,Barclays Bank PLC,EQUINITI TRUST COMPANY,,,https://home.barclays/contact-us/group/private-shareholder-relations/,33%,privateshareholderrelations@barclays.com,44 (0)20 7116 2897,"1 Churchill Place, London E14 5HP",https://home.barclays/contact-us/group/private-shareholder-relations/,100%,"473,313",06746P522,,100%,78%,312070,,,,2023-12-27 22:13:16,,,,
JJGTF,OTC,BARCLAYS BANK PLC,,,,,0%,,,,,0%,,,,0%,0%,312070,,,,,,,,
JJM,NYSE,Barclays Bank PLC,EQUINITI TRUST COMPANY,,,https://home.barclays/contact-us/group/private-shareholder-relations/,33%,privateshareholderrelations@barclays.com,44 (0)20 7116 2897,"1 Churchill Place, London E14 5HP",https://home.barclays/contact-us/group/private-shareholder-relations/,100%,"210,148",06746P514,,100%,78%,312070,,,,2023-12-27 22:13:16,,,,
JJMTF,OTC,BARCLAYS BANK PLC,,,,,0%,,,,,0%,,,,0%,0%,312070,,,,,,,,
JJN,NYSE,Barclays Bank PLC,EQUINITI TRUST COMPANY,,,https://home.barclays/contact-us/group/private-shareholder-relations/,33%,privateshareholderrelations@barclays.com,44 (0)20 7116 2897,"1 Churchill Place, London E14 5HP",https://home.barclays/contact-us/group/private-shareholder-relations/,100%,"1,242,077",06746P480,,100%,78%,312070,,,,2023-12-27 22:13:21,,,,
JJNTF,OTC,BARCLAYS BANK PLC,,,,,0%,,,,,0%,,,,0%,0%,312070,,,,,,,,
JJOFF,OTC,BARCLAYS BANK PLC,,,,,0%,,,,,0%,,,,0%,0%,312070,,,,,,,,
JJP,NYSE,Barclays Bank PLC,EQUINITI TRUST COMPANY,,,https://home.barclays/contact-us/group/private-shareholder-relations/,33%,privateshareholderrelations@barclays.com,44 (0)20 7116 2897,"1 Churchill Place, London E14 5HP",https://home.barclays/contact-us/group/private-shareholder-relations/,100%,"121,413",06746P464,,100%,78%,312070,,,,2023-12-27 22:13:21,,,,
JJPFF,OTC,BARCLAYS BANK PLC,,,,,0%,,,,,0%,,,,0%,0%,312070,,,,,,,,
JJS,NYSE,Barclays Bank PLC,EQUINITI TRUST COMPANY,,,https://home.barclays/contact-us/group/private-shareholder-relations/,33%,privateshareholderrelations@barclays.com,44 (0)20 7116 2897,"1 Churchill Place, London E14 5HP",https://home.barclays/contact-us/group/private-shareholder-relations/,100%,"152,294",06746P456,,100%,78%,312070,,,,2023-12-27 22:13:23,,,,
JJSF,Nasdaq,J&J SNACK FOODS CORP,"AMERICAN STOCK TRANSFER & TRUST COMPANY, LLC",Yes,7805/7810,https://www.nasdaqtrader.com/content/home/help/samplereports/Fundamental_Data_cusip121720.xlsx,100%,investorrelations@jjsnack.com,6096659533,"350 FELLOWSHIP ROAD, SUITE 100, MOUNT LAUREL, NJ, 08054",https://jjsnack.com/investors/frequently-asked-questions/,100%,"19,190,000",466032109,,100%,100%,785956,,,,2023-12-24 06:03:09,,,,
JJSSF,OTC,BARCLAYS BANK PLC,,,,,0%,,,,,0%,,,,0%,0%,312070,,,,,,,,
JJT,NYSE,Barclays Bank PLC,EQUINITI TRUST COMPANY,,,https://home.barclays/contact-us/group/private-shareholder-relations/,33%,privateshareholderrelations@barclays.com,44 (0)20 7116 2897,"1 Churchill Place, London E14 5HP",https://home.barclays/contact-us/group/private-shareholder-relations/,100%,"146,213",06746P431,,100%,78%,312070,,,,2023-12-27 22:13:29,,,,
JJTFF,OTC,BARCLAYS BANK PLC,,,,,0%,,,,,0%,,,,0%,0%,312070,,,,,,,,
JJU,NYSE,Barclays Bank PLC,EQUINITI TRUST COMPANY,,,https://home.barclays/contact-us/group/private-shareholder-relations/,33%,privateshareholderrelations@barclays.com,44 (0)20 7116 2897,"1 Churchill Place, London E14 5HP",https://home.barclays/contact-us/group/private-shareholder-relations/,100%,"390,904",06746P571,,100%,78%,312070,,,,2023-12-27 22:13:29,,,,
JJUFF,OTC,BARCLAYS BANK PLC,,,,,0%,,,,,0%,,,,0%,0%,312070,,,,,,,,
JKHY,Nasdaq,JACK HENRY & ASSOCIATES INC,"COMPUTERSHARE TRUST COMPANY, N.A.",Yes,7807,https://www.nasdaqtrader.com/content/home/help/samplereports/Fundamental_Data_cusip121720.xlsx,100%,,,,,0%,"72,900,000",426281101,,100%,67%,779152,,,,2023-02-27 04:10:26,,,,
JKS,NYSE,"JinkoSolar Holding Co., Ltd.",EQUINITI TRUST COMPANY,Yes,7806/7835,https://docs.google.com/spreadsheets/d/1MjDad_gZmywTxMVQxsnH2uc9sPIvUa3O51SDyTYm_vs/edit,100%,ir@jinkosolar.com,86 21-5180-8777 ext.7806,"1 YINGBIN ROAD, SHANGRAO ECONOMIC DEVELOPMENT ZONE, JIANGXI PROVINCE, China, 334100",https://ir.jinkosolar.com/contacts-and-service/contact-ir,100%,"195,550,000",47759T100,,100%,100%,1481513,,,,2024-01-09 13:30:59,,,,
JKSM,OTC,Jacksam Corp,,,,,0%,,,,,0%,,,,0%,0%,860543,,,,,,,,
JL,Nasdaq,J-Long Group Ltd,,,,,0%,,,,,0%,,,,0%,0%,1948436,,,,,,,,
JLJT,,JIALIANG HOLDINGS LTD,,,,,0%,,,,,0%,,,,0%,0%,2019116,,,,,,,,
JLL,NYSE,JONES LANG LASALLE INC,"COMPUTERSHARE TRUST COMPANY, N.A.",Yes,7807,https://www.google.com/search?q=%22Jones Lang LaSalle%22+%22transfer+agent%22,100%,JLLInvestorRelations@jll.com,(312) 252-8943,,https://ir.jll.com/resources/faq/default.aspx,67%,"47,920,000",48020Q107,,100%,89%,1037976,,,,2023-02-27 04:10:26,,,,
JLS,NYSE,Nuveen Mortgage & Income Fund/MA/,"COMPUTERSHARE TRUST COMPANY, N.A.",Yes,7807,https://docs.google.com/spreadsheets/d/1MjDad_gZmywTxMVQxsnH2uc9sPIvUa3O51SDyTYm_vs/edit,100%,,,,,0%,"5,490,000",670735109,,100%,67%,1472215,,,✔,2023-02-27 04:10:26,,,,
JMAC,Nasdaq,Maxpro Capital Acquisition Corp,CONTINENTAL STOCK TRANSFER & TRUST COMPANY,,,https://www.sec.gov/Archives/edgar/data/1874259/000110465921124601/tm2128587d3_424b4.htm,33%,m.chen@maxproventures.com,(86-793)858-8188,"1 YINGBIN ROAD, SHANGRAO ECONOMIC DEVELOPMENT ZONE, JIANGXI PROVINCE, China, 334100",https://www.sec.gov/Archives/edgar/data/1874259/000110465921124601/tm2128587d3_424b4.htm,100%,"10,840,000",57778T106,,100%,78%,1874259,,,,2024-01-09 13:32:54,,,,
JMACU,Nasdaq,Maxpro Capital Acquisition Corp,CONTINENTAL STOCK TRANSFER & TRUST COMPANY,,,https://www.sec.gov/Archives/edgar/data/1874259/000110465921124601/tm2128587d3_424b4.htm,33%,m.chen@maxproventures.com,(86-793)858-8188,"1 YINGBIN ROAD, SHANGRAO ECONOMIC DEVELOPMENT ZONE, JIANGXI PROVINCE, China, 334100",https://www.sec.gov/Archives/edgar/data/1874259/000110465921124601/tm2128587d3_424b4.htm,100%,,57778T205,,50%,61%,1874259,,,,2024-01-09 13:32:48,,,,
JMACW,Nasdaq,Maxpro Capital Acquisition Corp,CONTINENTAL STOCK TRANSFER & TRUST COMPANY,,,https://www.sec.gov/Archives/edgar/data/1874259/000110465921124601/tm2128587d3_424b4.htm,33%,m.chen@maxproventures.com,(86-793)858-8188,"1 YINGBIN ROAD, SHANGRAO ECONOMIC DEVELOPMENT ZONE, JIANGXI PROVINCE, China, 334100",https://www.sec.gov/Archives/edgar/data/1874259/000110465921124601/tm2128587d3_424b4.htm,100%,,57778T114,,50%,61%,1874259,,,,2024-01-09 13:32:55,,,,
JMIA,NYSE,Jumia Technologies AG,The Bank Of New York Mellon,,,https://www.sec.gov/Archives/edgar/data/1756708/000119312519071692/d650749df1.htm,33%,investor-relations@jumia.com,49-30-398-20-34-54,"SKALITZER STRASSE 104, BERLIN, Germany, 10997",https://investor.jumia.com/resources/contact-investor-relations/default.aspx,100%,"199,750,000",48138M105,,100%,78%,1756708,,,,2024-01-09 13:36:35,,,,
JMM,NYSE,Nuveen Multi-Market Income Fund,"COMPUTERSHARE TRUST COMPANY, N.A.",Yes,7807,https://docs.google.com/spreadsheets/d/1MjDad_gZmywTxMVQxsnH2uc9sPIvUa3O51SDyTYm_vs/edit,100%,,,,,0%,"9,460,000",67075J107,,100%,67%,838131,,,✔,2023-02-27 04:10:26,,,,
JMSB,Nasdaq,"John Marshall Bancorp, Inc.","AMERICAN STOCK TRANSFER & TRUST COMPANY, LLC",Yes,7805/7810,https://www.sec.gov/Archives/edgar/data/1710482/000110465922056797/tm2214439d1_def14a.htm,100%,IR@johnmarshallbank.com,(703) 289-5922,"1943 ISAAC NEWTON SQUARE, SUITE 100, RESTON, VA, 20190",https://investor.johnmarshallbank.com/corporate-profile/default.aspx,100%,"14,030,000",47805L101,,100%,100%,1710482,,,,2023-12-24 06:01:55,,,,
JMTM,OTC,James Maritime Holdings Inc.,,,,,0%,,,,,0%,,,,0%,0%,889353,,,,,,,,
JNCE,Nasdaq,JOUNCE THERAPEUTICS INC,"COMPUTERSHARE TRUST COMPANY, N.A.",,7807,https://www.sec.gov/Archives/edgar/data/1640455/000164045522000041/jnce04282022def14a.htm,67%,ir@jouncetx.com,857-259-3840,"780 MEMORIAL DRIVE, CAMBRIDGE, MA, 02139",https://www.sec.gov/Archives/edgar/data/1640455/000164045523000033/a031520238-kexhibit991.htm,100%,"51,690,000",481116101,,100%,89%,1640455,,,,2023-12-24 06:01:27,,,,
JNJ,NYSE,JOHNSON & JOHNSON,"COMPUTERSHARE TRUST COMPANY, N.A.",No,7807,https://www.google.com/search?q=%22Johnson & Johnson%22+%22transfer+agent%22,100%,investor-relations@its.jnj.com,732-524-2455,"ONE JOHNSON & JOHNSON PLZ, NEW BRUNSWICK, NJ, 08933",https://www.investor.jnj.com/overview/default.aspx,100%,"2,629,180,000",478160104,,100%,100%,200406,,,,2024-01-09 13:38:08,,,,
JNPR,NYSE,JUNIPER NETWORKS INC,EQUINITI TRUST COMPANY,No,7806/7835,https://www.google.com/search?q=%22Juniper Networks%22+%22transfer+agent%22,100%,Investor-Relations@juniper.net,,,https://investor.juniper.net/investor-relations/contact-us/default.aspx,33%,"322,610,000",48203R104,,100%,78%,1043604,,,,2023-02-27 04:13:44,,,,
JNVR,Nasdaq,Janover Inc.,,,,,0%,,,,,0%,,,,0%,0%,1805526,,,,,,,,
JO,NYSE,Barclays Bank PLC,EQUINITI TRUST COMPANY,,,https://home.barclays/contact-us/group/private-shareholder-relations/,33%,privateshareholderrelations@barclays.com,44 (0)20 7116 2897,"1 Churchill Place, London E14 5HP",https://home.barclays/contact-us/group/private-shareholder-relations/,100%,"987,209",06746P563,,100%,78%,312070,,,,2023-12-27 22:13:41,,,,
JOAN,Nasdaq,JOANN Inc,"COMPUTERSHARE TRUST COMPANY, N.A.",No,7807,https://www.google.com/search?q=%22Joann%22+%22transfer+agent%22,100%,,,,https://investors.joann.com/resources/contact-ir,0%,"40,790,000",47768J101,,100%,67%,1834585,,,✔,2023-02-27 04:10:26,,,,
JOB,NYSE,GEE Group Inc.,CONTINENTAL STOCK TRANSFER & TRUST COMPANY,,7808,https://www.sec.gov/Archives/edgar/data/40570/000147793222005186/job_def14a.htm,67%,invest@geegroup.com,(904) 512-7504,"7751 BELFORT PARKWAY, SUITE 150, JACKSONVILLE, FL, 32256",https://ir.geegroup.com/,100%,"114,100,000",36165A102,,100%,89%,40570,,,,2023-12-24 06:00:44,,,,
JOBY,NYSE,"Joby Aviation, Inc.",CONTINENTAL STOCK TRANSFER & TRUST COMPANY,,7808,https://www.sec.gov/Archives/edgar/data/1819848/000114036122016564/edge20001890x1_def14a.htm,67%,investors@jobyaviation.com,831-201-6006,"333 Encinal St, Santa Cruz , CA 95060",https://ir.jobyaviation.com,100%,"607,570,000",G65163100,,100%,89%,1819848,,,,2024-01-09 13:39:22,,,,
JOBY-WT,NYSE,"Joby Aviation, Inc.",CONTINENTAL STOCK TRANSFER & TRUST COMPANY,,7808,https://www.sec.gov/Archives/edgar/data/1819848/000114036122016564/edge20001890x1_def14a.htm,67%,investors@jobyaviation.com,831-201-6006,"333 Encinal St, Santa Cruz , CA 95060",https://ir.jobyaviation.com,100%,,,,0%,56%,1819848,,,,2024-01-09 13:39:25,,,,
JOCM,OTC,JOCOM HOLDINGS CORP.,,,,,0%,,,,,0%,,,,0%,0%,1907425,,,,,,,,
JOE,NYSE,ST JOE Co," AMERICAN STOCK TRANSFER & TRUST COMPANY, LLC",,7805,https://www.sec.gov/Archives/edgar/data/745308/000119312522098112/d214042ddef14a.htm,67%,,,,,0%,"58,910,000",790148100,,100%,56%,745308,,,,2023-02-27 04:10:26,,,,
JOF,NYSE,JAPAN SMALLER CAPITALIZATION FUND INC,"COMPUTERSHARE TRUST COMPANY, N.A.",Yes,7807,https://docs.google.com/spreadsheets/d/1MjDad_gZmywTxMVQxsnH2uc9sPIvUa3O51SDyTYm_vs/edit,100%,marketing@nomura-asset.com,1 (212) 667-1414,"309 West 49th Street, 9th Floor, New York, New York 10019-7316",https://www.nomura-asset.com/contact-us/,100%,"28,330,000",47109U104,,100%,100%,859796,,,,2024-01-09 13:41:22,,,,
JOUT,Nasdaq,JOHNSON OUTDOORS INC,EQUINITI TRUST COMPANY,Yes,7806/7835,https://www.nasdaqtrader.com/content/home/help/samplereports/Fundamental_Data_cusip121720.xlsx,100%,,,,,0%,"8,970,000",479167108,,100%,67%,788329,,,✔,2023-02-27 04:10:26,,,,
JP,NYSE,Jupai Holdings Ltd.,"JPMorgan Chase Bank, N.A. (ADS)",,,https://www.sec.gov/Archives/edgar/data/1616291/000110465921051371/a21-4790_120f.htm,33%,maine.liu@jpinvestment.cn,86 21 6026-9003,"YINLI BUILDING, 8/F, 788 GUANGZHONG ROAD, SHANGHAI, China, 200072",https://www.annualreports.com/HostedData/AnnualReports/PDF/NYSE_JP_2021.pdf,100%,,48205B107,,50%,61%,,,,,2024-01-09 13:48:06,,,,
JPC,NYSE,Nuveen Preferred & Income Opportunities Fund,"COMPUTERSHARE TRUST COMPANY, N.A.",Yes,7807,https://docs.google.com/spreadsheets/d/1MjDad_gZmywTxMVQxsnH2uc9sPIvUa3O51SDyTYm_vs/edit,100%,,3129178146,"333 WEST WACKER DRIVE, CHICAGO, IL, 60606",,67%,"105,060,000",67073B106,,100%,89%,1216583,,,✔,2024-01-09 13:49:41,,,,
JPEX,OTC,JPX Global Inc.,,,,,0%,,,,,0%,,,,0%,0%,1506814,,,,,,,,
JPI,NYSE,Nuveen Preferred Securities & Income Opportunities Fund,"COMPUTERSHARE TRUST COMPANY, N.A.",Yes,7807,https://docs.google.com/spreadsheets/d/1MjDad_gZmywTxMVQxsnH2uc9sPIvUa3O51SDyTYm_vs/edit,100%,,3129178146,"333 WEST WACKER DRIVE, CHICAGO, IL, 60606",,67%,"22,760,000",67075A106,,100%,89%,1547994,,,✔,2024-01-09 13:49:36,,,,
JPM,NYSE,JPMORGAN CHASE & CO,"COMPUTERSHARE TRUST COMPANY, N.A.",Yes,7807,https://www.google.com/search?q=%22JPMorgan Chase%22+%22transfer+agent%22,100%,jpmcinvestorrelations@jpmchase.com,(212) 270-2479,"383 MADISON AVENUE, NEW YORK, NY, 10017","https://jpmorganchaseco.gcs-web.com/ir/shareholder-information/transfer-agent/#:~:text=Computershare%20Shareowner%20Services%20LLC%20maintains,about%20shareholder%20accounts%20and%20transactions.",100%,"2,932,570,000",46625H100,,100%,100%,19617,,,,2023-12-30 00:15:59,,,,
JPM-PC,NYSE,JPMORGAN CHASE & CO,"COMPUTERSHARE TRUST COMPANY, N.A.",Yes,7807,https://www.google.com/search?q=%22JPMorgan Chase%22+%22transfer+agent%22,100%,jpmcinvestorrelations@jpmchase.com,(212) 270-2479,"383 MADISON AVENUE, NEW YORK, NY, 10017","https://jpmorganchaseco.gcs-web.com/ir/shareholder-information/transfer-agent/#:~:text=Computershare%20Shareowner%20Services%20LLC%20maintains,about%20shareholder%20accounts%20and%20transactions.",100%,,,,0%,67%,19617,,,,2023-12-30 00:16:05,,,,
JPM-PD,NYSE,JPMORGAN CHASE & CO,"COMPUTERSHARE TRUST COMPANY, N.A.",Yes,7807,https://www.google.com/search?q=%22JPMorgan Chase%22+%22transfer+agent%22,100%,jpmcinvestorrelations@jpmchase.com,(212) 270-2479,"383 MADISON AVENUE, NEW YORK, NY, 10017","https://jpmorganchaseco.gcs-web.com/ir/shareholder-information/transfer-agent/#:~:text=Computershare%20Shareowner%20Services%20LLC%20maintains,about%20shareholder%20accounts%20and%20transactions.",100%,,,,0%,67%,19617,,,,2023-12-30 00:16:06,,,,
JPM-PJ,NYSE,JPMORGAN CHASE & CO,"COMPUTERSHARE TRUST COMPANY, N.A.",Yes,7807,https://www.google.com/search?q=%22JPMorgan Chase%22+%22transfer+agent%22,100%,jpmcinvestorrelations@jpmchase.com,(212) 270-2479,"383 MADISON AVENUE, NEW YORK, NY, 10017","https://jpmorganchaseco.gcs-web.com/ir/shareholder-information/transfer-agent/#:~:text=Computershare%20Shareowner%20Services%20LLC%20maintains,about%20shareholder%20accounts%20and%20transactions.",100%,,,,0%,67%,19617,,,,2023-12-30 00:16:06,,,,
JPM-PK,NYSE,JPMORGAN CHASE & CO,"COMPUTERSHARE TRUST COMPANY, N.A.",Yes,7807,https://www.google.com/search?q=%22JPMorgan Chase%22+%22transfer+agent%22,100%,jpmcinvestorrelations@jpmchase.com,(212) 270-2479,"383 MADISON AVENUE, NEW YORK, NY, 10017","https://jpmorganchaseco.gcs-web.com/ir/shareholder-information/transfer-agent/#:~:text=Computershare%20Shareowner%20Services%20LLC%20maintains,about%20shareholder%20accounts%20and%20transactions.",100%,,,,0%,67%,19617,,,,2023-12-30 00:16:06,,,,
JPM-PL,NYSE,JPMORGAN CHASE & CO,"COMPUTERSHARE TRUST COMPANY, N.A.",Yes,7807,https://www.google.com/search?q=%22JPMorgan Chase%22+%22transfer+agent%22,100%,jpmcinvestorrelations@jpmchase.com,(212) 270-2479,"383 MADISON AVENUE, NEW YORK, NY, 10017","https://jpmorganchaseco.gcs-web.com/ir/shareholder-information/transfer-agent/#:~:text=Computershare%20Shareowner%20Services%20LLC%20maintains,about%20shareholder%20accounts%20and%20transactions.",100%,,,,0%,67%,19617,,,,2023-12-30 00:16:11,,,,
JPM-PM,NYSE,JPMORGAN CHASE & CO,"COMPUTERSHARE TRUST COMPANY, N.A.",Yes,7807,https://www.google.com/search?q=%22JPMorgan Chase%22+%22transfer+agent%22,100%,jpmcinvestorrelations@jpmchase.com,(212) 270-2479,"383 MADISON AVENUE, NEW YORK, NY, 10017","https://jpmorganchaseco.gcs-web.com/ir/shareholder-information/transfer-agent/#:~:text=Computershare%20Shareowner%20Services%20LLC%20maintains,about%20shareholder%20accounts%20and%20transactions.",100%,,,,0%,67%,19617,,,,2023-02-27 04:10:26,,,,
JPOTF,OTC,Jackpot Digital Inc.,,,,,0%,,,,,0%,,,,0%,0%,1061612,,,,,,,,
JPPYY,OTC,Jupai Holdings Ltd,,,,,0%,,,,,0%,,,,0%,0%,1616291,,,,,,,,
JPS,NYSE,Nuveen Preferred & Income Securities Fund,"COMPUTERSHARE TRUST COMPANY, N.A.",Yes,7807,https://docs.google.com/spreadsheets/d/1MjDad_gZmywTxMVQxsnH2uc9sPIvUa3O51SDyTYm_vs/edit,100%,,3129178146,"333 WEST WACKER DRIVE, CHICAGO, IL, 60606",,67%,"203,790,000",67072C105,,100%,89%,1176433,,,✔,2024-01-09 13:50:15,,,,
JPT,NYSE,Nuveen Preferred and Income Fund,"COMPUTERSHARE TRUST COMPANY, N.A.",Yes,7807,https://docs.google.com/spreadsheets/d/1MjDad_gZmywTxMVQxsnH2uc9sPIvUa3O51SDyTYm_vs/edit,100%,,3129178146,"333 WEST WACKER DRIVE, CHICAGO, IL, 60606",,67%,"6,850,000",67075T105,,100%,89%,1679033,,,✔,2023-02-27 04:10:26,,,,
JPXGY,OTC,"Japan Exchange Group, Inc./ADR",,,,,0%,,,,,0%,,,,0%,0%,1600520,,,,,,,,
JQC,NYSE,Nuveen Credit Strategies Income Fund,"COMPUTERSHARE TRUST COMPANY, N.A.",Yes,7807,https://docs.google.com/spreadsheets/d/1MjDad_gZmywTxMVQxsnH2uc9sPIvUa3O51SDyTYm_vs/edit,100%,,3129178146,"333 WEST WACKER DRIVE, CHICAGO, IL, 60606",,67%,"135,610,000",67073D102,,100%,89%,1227476,,,✔,2024-01-09 13:50:18,,,,
JRI,NYSE,Nuveen Real Asset Income & Growth Fund,"COMPUTERSHARE TRUST COMPANY, N.A.",Yes,7807,https://docs.google.com/spreadsheets/d/1MjDad_gZmywTxMVQxsnH2uc9sPIvUa3O51SDyTYm_vs/edit,100%,,3129178146,"333 WEST WACKER DRIVE, CHICAGO, IL, 60606",,67%,"27,450,000",67074Y105,,100%,89%,1539337,,,✔,2023-02-27 04:13:47,,,,
JRJCY,OTC,China Finance Online Co. LTD,,,,,0%,,,,,0%,,,,0%,0%,1297830,,,,,,,,
JRO,NYSE,Nuveen Floating Rate Income Opportunity Fund,"COMPUTERSHARE TRUST COMPANY, N.A.",Yes,7807,https://docs.google.com/spreadsheets/d/1MjDad_gZmywTxMVQxsnH2uc9sPIvUa3O51SDyTYm_vs/edit,100%,,3129178146,"333 WEST WACKER DRIVE, CHICAGO, IL, 60606",,67%,"40,540,000",6706EN100,,100%,89%,1289213,,,✔,2024-01-09 13:50:26,,,,
JRS,NYSE,NUVEEN REAL ESTATE INCOME FUND,"COMPUTERSHARE TRUST COMPANY, N.A.",Yes,7807,https://docs.google.com/spreadsheets/d/1MjDad_gZmywTxMVQxsnH2uc9sPIvUa3O51SDyTYm_vs/edit,100%,,3129178146,"333 WEST WACKER DRIVE, CHICAGO, IL, 60606",,67%,"28,890,000",67071B108,,100%,89%,1158289,,,✔,2023-02-27 04:10:26,,,,
JRSH,Nasdaq,"Jerash Holdings (US), Inc.",VStock Transfer LLC,,7924,https://www.nasdaqtrader.com/content/home/help/samplereports/Fundamental_Data_cusip121720.xlsx,67%,,,,,0%,"12,530,000",47632P101,,100%,56%,1696558,,,,2023-11-23 18:43:35,,,,
JRSS,OTC,JRSIS HEALTH CARE Corp,,,,,0%,,,,,0%,,,,0%,0%,1597892,,,,,,,,
JRVR,Nasdaq,"James River Group Holdings, Ltd.",BROADRIDGE CORPORATE ISSUER SOLUTIONS INC.,,7824,https://www.sec.gov/Archives/edgar/data/1620459/000110465922101305/tm2221375-4_def14a.htm,67%,InvestorRelations@jrgh.net,(919) 980-0524,"90 PITTS BAY ROAD, PEMBROKE, Bermuda, HM 08",http://investors.jrgh.net/,100%,"37,450,000",G5005R107,,100%,89%,1620459,,,,2023-12-24 05:58:30,,,,
JSCPF,OTC,JSR Corp.,,,,,0%,,,,,0%,,,,0%,0%,1449005,,,,,,,,
JSCPY,OTC,JSR Corp.,,,,,0%,,,,,0%,,,,0%,0%,1449005,,,,,,,,
JSD,NYSE,Nuveen Short Duration Credit Opportunities Fund,"COMPUTERSHARE TRUST COMPANY, N.A.",Yes,7807,https://docs.google.com/spreadsheets/d/1MjDad_gZmywTxMVQxsnH2uc9sPIvUa3O51SDyTYm_vs/edit,100%,,3129178146,"333 WEST WACKER DRIVE, CHICAGO, IL, 60606",,67%,"10,090,000",67074X107,,100%,89%,1509253,,,✔,2024-01-09 13:50:36,,,,
JSDA,OTC,JONES SODA CO,,,,,0%,,,,,0%,,,,0%,0%,1083522,,,,,,,,
JSHG,OTC,JOSHUA GOLD RESOURCES INC,,,,,0%,,,,,0%,,,,0%,0%,1475430,,,,,,,,
JSM,Nasdaq,NAVIENT CORP,"COMPUTERSHARE TRUST COMPANY, N.A.",,7807,https://www.sec.gov/Archives/edgar/data/1593538/000165495422005234/navi_def14a.htm,67%,Jen.Earyes@navient.com,703-984-6801,"13865 SUNRISE VALLEY DRIVE, HERNDON, VA, 20171",https://navient.com/investors/,100%,"12,000,000",63938C405,,100%,89%,1593538,,,,2023-12-24 05:57:35,,,,
JSPR,Nasdaq,"Jasper Therapeutics, Inc.",,,,,0%,,,,,0%,"36,690,000",471871103,,100%,33%,1788028,,,2023-11-10 21:23:58,2023-11-13 00:01:13,,,,
JSPRW,Nasdaq,"Jasper Therapeutics, Inc.",,,,,0%,,,,,0%,,471871111,,50%,17%,1788028,,,✔,2023-02-27 04:10:26,,,,
JT,NYSE,Jianpu Technology Inc.,Deutsche Bank Trust Company Americas (ADS),,,https://ir.jianpu.ai/investor-faqs,33%,IR@rong360.com,861082625755,"5F TIMES CYBER BUILDING, 19 SOUTH, HAIDIAN ROAD, HAIDIAN DISTRICT, BEIJING, China, 100080",https://ir.jianpu.ai/contact-us,100%,"327,210,000",47738D309,,100%,78%,1713923,,,,2024-01-09 13:53:30,,,,
JTAI,Nasdaq,Jet.AI Inc.,,,,,0%,,,,,0%,,,,0%,0%,1861622,,,,,,,,
JTAIW,Nasdaq,Jet.AI Inc.,,,,,0%,,,,,0%,,,,0%,0%,1861622,,,,,,,,
JTAIZ,Nasdaq,Jet.AI Inc.,,,,,0%,,,,,0%,,,,0%,0%,1861622,,,,,,,,
JTGEY,OTC,"Citibank,N.A./ADR",,,,,0%,,,,,0%,,,,0%,0%,1472033,,,,,,,,
JTGLF,OTC,"Citibank,N.A./ADR",,,,,0%,,,,,0%,,,,0%,0%,1472033,,,,,,,,
JTKWY,OTC,Just Eat Takeaway.com N.V.,,,,,0%,,,,,0%,,,,0%,0%,1792627,,,,,,,,
JUGG,Nasdaq,Jaws Juggernaut Acquisition Corp,,,,,0%,,,,,0%,"27,600,000",G50735102,,100%,33%,1842609,,,✔,2023-02-27 04:10:26,,,,
JUGGU,Nasdaq,Jaws Juggernaut Acquisition Corp,,,,,0%,,,,,0%,,G50735128,,50%,17%,1842609,,,✔,2023-02-27 04:10:26,,,,
JUGGW,Nasdaq,Jaws Juggernaut Acquisition Corp,,,,,0%,,,,,0%,,G50735110,,50%,17%,1842609,,,✔,2023-02-27 04:10:26,,,,
JUN,NYSE,Juniper II Corp.,,,,,0%,,,,,0%,"29,900,000",48203N103,,100%,33%,1838814,,,,2023-02-27 04:10:26,,,,
JUN-UN,NYSE,Juniper II Corp.,,,,,0%,,,,,0%,,,,0%,0%,1838814,,,,2023-02-27 04:13:49,,,,
JUN-WT,NYSE,Juniper II Corp.,,,,,0%,,,,,0%,,,,0%,0%,1838814,,,,2023-02-27 04:13:53,,,,
JUNE,Nasdaq,Junee Ltd,,,,,0%,,,,,0%,,,,0%,0%,1897087,,,,,,,,
JUNS,Nasdaq,"JUPITER NEUROSCIENCES, INC.",,,,,0%,,,,,0%,,,,0%,0%,1679628,,,,,,,,
JUPGF,OTC,Jupiter Gold Corp,,,,,0%,,,,,0%,,,,0%,0%,1684688,,,,,,,,
JUPW,Nasdaq,Jupiter Wellness Inc,"AMERICAN STOCK TRANSFER & TRUST COMPANY, LLC",,,https://www.sec.gov/Archives/edgar/data/1883799/000126493121000195/jupacqs1.htm,33%,info@JupiterWellness.com,(561) 244-0710,"1061 E. INDIANTOWN ROAD, SUITE 110, JUPITER, FL, 33477",https://www.sec.gov/Archives/edgar/data/1883799/000126493121000195/jupacqs1.htm,100%,"21,510,000",48208F105,,100%,78%,1760903,,,,2024-01-09 13:59:44,,,,
JUPWW,Nasdaq,Jupiter Wellness Inc,"AMERICAN STOCK TRANSFER & TRUST COMPANY, LLC",,,https://www.sec.gov/Archives/edgar/data/1883799/000126493121000195/jupacqs1.htm,33%,info@JupiterWellness.com,(561) 244-0710,"1061 E. INDIANTOWN ROAD, SUITE 110, JUPITER, FL, 33477",https://www.sec.gov/Archives/edgar/data/1883799/000126493121000195/jupacqs1.htm,100%,"21,450,000",48208F113,,100%,78%,1760903,,,,2024-01-09 13:59:35,,,,
JUSHF,OTC,Jushi Holdings Inc.,,,,,0%,,,,,0%,,,,0%,0%,1909747,,,,,,,,
JUVAF,OTC,JUVA LIFE INC./Canada,,,,,0%,,,,,0%,,,,0%,0%,1778651,,,,,,,,
JUVF,OTC,JUNIATA VALLEY FINANCIAL CORP,,,,,0%,,,,,0%,,,,0%,0%,714712,,,,,,,,
JVA,Nasdaq,COFFEE HOLDING CO INC,Issuer Direct Corporation,,7856,https://investors.coffeeholding.com,67%,JVA@liolios.com,(949) 574-3860,"3475 VICTORY BLVD, STATEN ISLAND, NY, 10314",https://irp.cdn-website.com/33e42008/files/uploaded/Coffee%20Holding%20Presentation%20-%20August%202015%20-%20DRAFT%20v3%20%2800000002%29.pdf,100%,"5,710,000",192176105,,100%,89%,1007019,,,,2023-12-30 13:03:46,,,,
JVSA,Nasdaq,JVSPAC Acquisition Corp.,,,,,0%,,,,,0%,,,,0%,0%,1866001,,,,,,,,
JVSAR,Nasdaq,JVSPAC Acquisition Corp.,,,,,0%,,,,,0%,,,,0%,0%,1866001,,,,,,,,
JVSAU,Nasdaq,JVSPAC Acquisition Corp.,,,,,0%,,,,,0%,,,,0%,0%,1866001,,,,,,,,
JWAC,Nasdaq,Jupiter Wellness Acquisition Corp,"AMERICAN STOCK TRANSFER & TRUST COMPANY, LLC",,,https://www.sec.gov/Archives/edgar/data/1883799/000126493121000195/jupacqs1.htm,33%,info@JupiterWellness.com,(561) 244-0710,"1061 E. INDIANTOWN ROAD, SUITE 110, JUPITER, FL, 33477",https://www.sec.gov/Archives/edgar/data/1883799/000126493121000195/jupacqs1.htm,100%,"14,710,000",4.82E+112,,100%,78%,1883799,,,,2024-01-09 13:59:31,,,,
JWACR,Nasdaq,Jupiter Wellness Acquisition Corp. Right,"AMERICAN STOCK TRANSFER & TRUST COMPANY, LLC",,,https://www.sec.gov/Archives/edgar/data/1883799/000126493121000195/jupacqs1.htm,33%,info@JupiterWellness.com,(561) 244-0710,"1061 E. INDIANTOWN ROAD, SUITE 110, JUPITER, FL, 33477",https://www.sec.gov/Archives/edgar/data/1883799/000126493121000195/jupacqs1.htm,100%,,4.82E+120,,50%,61%,1883799,,,,2024-01-09 13:59:44,,,,
JWEL,Nasdaq,Jowell Global Ltd.,VStock Transfer LLC,,,https://www.sec.gov/Archives/edgar/data/1805594/000121390021007482/ea134818-f1a2_jowellglobal.htm,33%,ir@1juhao.com,86-21-55210174,"FLOOR.2, NO.285 JIANGPU ROAD, YANGPU DISTRICT, SHANGHAI, China, 200136",http://ir.1juhao.com/IrContacts.html,100%,"31,490,000",G5194C101,,100%,78%,1805594,,,,2023-12-24 05:36:47,,,,
JWN,NYSE,NORDSTROM INC,"COMPUTERSHARE TRUST COMPANY, N.A.",No,7807,https://www.google.com/search?q=%22Nordstrom%22+%22transfer+agent%22,100%,InvRelations@Nordstrom.com,2066282111,"1617 SIXTH AVENUE, SEATTLE, WA, 98101-4407",https://press.nordstrom.com/contact-ir/,100%,"159,130,000",655664100,,100%,100%,72333,,,✔,2024-01-09 14:01:12,,,,
JWSM,NYSE,Jaws Mustang Acquisition Corp,CONTINENTAL STOCK TRANSFER & TRUST COMPANY,,7808,https://www.sec.gov/Archives/edgar/data/1831359/000110465923003091/tm2228984-3_def14a.htm,67%,,,,,0%,"103,500,000",G50737108,,100%,56%,1831359,,,✔,2023-02-27 04:13:49,,,,
JWSM-UN,NYSE,Jaws Mustang Acquisition Corp,CONTINENTAL STOCK TRANSFER & TRUST COMPANY,,7808,https://www.sec.gov/Archives/edgar/data/1831359/000110465923003091/tm2228984-3_def14a.htm,67%,,,,,0%,,,,0%,22%,1831359,,,✔,2023-02-27 04:10:26,,,,
JWSM-WT,NYSE,Jaws Mustang Acquisition Corp,CONTINENTAL STOCK TRANSFER & TRUST COMPANY,,7808,https://www.sec.gov/Archives/edgar/data/1831359/000110465923003091/tm2228984-3_def14a.htm,67%,,,,,0%,,,,0%,22%,1831359,,,✔,2023-02-27 04:10:26,,,,
JWSMF,OTC,Jaws Mustang Acquisition Corp,,,,,,,,,,,,,,,,1831359,,,,,,,,
JWSUF,OTC,Jaws Mustang Acquisition Corp,,,,,,,,,,,,,,,,1831359,,,,,,,,
JWSWF,OTC,Jaws Mustang Acquisition Corp,,,,,,,,,,,,,,,,1831359,,,,,,,,
JXJT,Nasdaq,JX Luxventure Ltd,"AMERICAN STOCK TRANSFER & TRUST COMPANY, LLC",Yes,7805/7810,https://docs.google.com/spreadsheets/d/1MjDad_gZmywTxMVQxsnH2uc9sPIvUa3O51SDyTYm_vs/edit,100%,contact@jxluxventure.com,(86) 595 8889 6198,"BIN HAI DA DAO NO. 270, LANG QIN WAN GUO, JI DU JIA CUN ZONG HE LOU, XIU YING DIST, HAIKOU CITY, HAINAN PROVINCE, China, 570100",https://en.jxluxventure.com/index.php?c=category&id=18,100%,,,,0%,67%,1546383,,,,2024-01-09 14:02:54,,,,
JXN,NYSE,Jackson Financial Inc.,EQUINITI TRUST COMPANY,No,7806/7835,https://www.google.com/search?q=%22Jackson Financial%22+%22transfer+agent%22,100%,investorrelations@jackson.com,517-381-5500,"1 CORPORATE WAY, LANSING, MI, 48951",https://investors.jackson.com/home/default.aspx,100%,"84,870,000",46817M107,,100%,100%,1822993,,,,2023-12-24 05:30:36,,,,
JXN-PA,NYSE,Jackson Financial Inc.,,,,,0%,,,,,0%,,,,0%,0%,1822993,,,,,,,,
JYD,Nasdaq,Jayud Global Logistics Ltd,,,,,0%,,,,,0%,,,,0%,0%,1938186,,,,,,,,
JYNT,Nasdaq,JOINT Corp,CONTINENTAL STOCK TRANSFER & TRUST COMPANY,,7808,https://www.sec.gov/Archives/edgar/data/1612630/000117184322002716/def14a_041922.htm,67%,thejoint@lhai.com,(415) 433-3777,"16767 N PERIMETER DRIVE, SUITE 110, SCOTTSDALE, AZ, 85260",https://ir.thejoint.com/,100%,"14,500,000",47973J102,,100%,89%,1612630,,,,2023-12-24 05:27:02,,,,
JZ,Nasdaq,Jianzhi Education Technology Group Co Ltd,Bank of New York Mellon (ADS),,,https://www.sec.gov/Archives/edgar/data/1852440/000121390021036658/ff12021_jianzhieducation.htm,33%,IR@changqingconsulting.com,1-470-940-3308,"YINGDU BUILDING, 27/F ZHICHUN ROAD, TOWER A, BEIJING, China, 100086",https://jianzhieducation.gcs-web.com/contacts/investor-faqs,100%,"121,110,000",47737L104,,100%,78%,1852440,,,,2023-12-24 05:26:12,,,,
JZXN,Nasdaq,"Jiuzi Holdings, Inc.","AMERICAN STOCK TRANSFER & TRUST COMPANY, LLC",,,https://www.sec.gov/Archives/edgar/data/1816172/000121390021037113/ea144244-f1_jiuziholdings.htm,33%,sherry.f@jzxn.com,0086-400-6167-222,"4th Floor, Building 1, Jinsha Lakeside Commercial Center, Jianggan District, Hangzhou",http://en.zjjzxny.cn,100%,"21,430,000",G51400102,,100%,78%,1816172,,,,2024-01-09 14:05:33,,,,
JHKC,,JuHe KC Holdings Ltd,,,,,,,,,,,,,,,,2045489,,,,,,,,
JXG,Nasdaq,JX Luxventure Ltd,,,,,,,,,,,,,,,,1546383,,,,,,,,
JBTM,NYSE,John Bean Technologies CORP,,,,,,,,,,,,,,,,1433660,,,,,,,,
JXG,Nasdaq,JX Luxventure Group Inc.,,,,,,,,,,,,,,,,1546383,,,,,,,,
JBTM,NYSE,JBT Marel Corp,,,,,,,,,,,,,,,,1433660,,,,,,,,
JBT,NYSE,JBT Marel Corp,,,,,,,,,,,,,,,,1433660,,,,,,,,
JFR-RW,NYSE,NUVEEN FLOATING RATE INCOME FUND,,,,,,,,,,,,,,,,1276533,,,,,,,,
JFR-RI,NYSE,NUVEEN FLOATING RATE INCOME FUND,,,,,,,,,,,,,,,,1276533,,,,,,,,
JACS-RI,NYSE,Jackson Acquisition Co II,,,,,,,,,,,,,,,,2039058,,,,,,,,
JUPGF,OTC,ATLAS CRITICAL MINERALS Corp,,,,,,,,,,,,,,,,1684688,,,,,,,,
JRWP,,Jingrui Wang Pu Holdings Group Ltd.,,,,,,,,,,,,,,,,1998284,,,,,,,,
JOYY,Nasdaq,JOYY Inc.,,,,,,,,,,,,,,,,1530238,,,,,,,,
JQC-RW,NYSE,Nuveen Credit Strategies Income Fund,,,,,,,,,,,,,,,,1227476,,,,,,,,
JLHL,,Julong Holding Ltd,,,,,,,,,,,,,,,,2007846,,,,,,,,
JQC-RI,NYSE,Nuveen Credit Strategies Income Fund,,,,,,,,,,,,,,,,1227476,,,,,,,,
JMTM,OTC,Sentinel Holdings Ltd.,,,,,,,,,,,,,,,,889353,,,,,,,,
JLCN,,JiaLian Technologies Holdings Inc.,,,,,,,,,,,,,,,,2063901,,,,,,,,
JQCNR,OTC,Nuveen Credit Strategies Income Fund,,,,,,,,,,,,,,,,1227476,,,,,,,,
JNVR,Nasdaq,DeFi Development Corp.,,,,,,,,,,,,,,,,1805526,,,,,,,,
JBIO,Nasdaq,"Jade Biosciences, Inc.",,,,,,,,,,,,,,,,1798749,,,,,,,,
JNCCF,OTC,Metalite Resources Inc.,,,,,,,,,,,,,,,,1887706,,,,,,,,
